[{"rarity": 6, "title": "Shining"}, {"rarity": 6, "title": "Nightingale"}, {"rarity": 6, "title": "Ifrit"}, {"rarity": 6, "title": "Exusiai"}, {"rarity": 6, "title": "Schwarz"}, {"rarity": 6, "title": "Magallan"}, {"rarity": 6, "title": "Mostima"}, {"rarity": 6, "title": "Aak"}, {"rarity": 6, "title": "Ceobe"}, {"rarity": 6, "title": "\u0420\u043e\u0441\u0430"}, {"rarity": 6, "title": "Suzuran"}, {"rarity": 6, "title": "Saria"}, {"rarity": 6, "title": "Ch'en"}, {"rarity": 6, "title": "SilverAsh"}, {"rarity": 6, "title": "Skadi"}, {"rarity": 6, "title": "Hellagur"}, {"rarity": 6, "title": "Blaze"}, {"rarity": 6, "title": "Thorns"}, {"rarity": 6, "title": "Siege"}, {"rarity": 6, "title": "Hoshiguma"}, {"rarity": 6, "title": "Bagpipe"}, {"rarity": 6, "title": "Phantom"}, {"rarity": 6, "title": "Weedy"}, {"rarity": 6, "title": "Eunectes"}, {"rarity": 5, "title": "Ptilopsis"}, {"rarity": 5, "title": "Silence"}, {"rarity": 5, "title": "Warfarin"}, {"rarity": 5, "title": "Nightmare"}, {"rarity": 5, "title": "Provence"}, {"rarity": 5, "title": "Blue Poison"}, {"rarity": 5, "title": "Firewatch"}, {"rarity": 5, "title": "Meteorite"}, {"rarity": 5, "title": "Platinum"}, {"rarity": 5, "title": "Pramanix"}, {"rarity": 5, "title": "\u0418\u0441\u0442\u0438\u043d\u0430"}, {"rarity": 5, "title": "Mayer"}, {"rarity": 5, "title": "Glaucus"}, {"rarity": 5, "title": "Executor"}, {"rarity": 5, "title": "GreyThroat"}, {"rarity": 5, "title": "Leizi"}, {"rarity": 5, "title": "Sesa"}, {"rarity": 5, "title": "Shamare"}, {"rarity": 5, "title": "Tsukinogi"}, {"rarity": 5, "title": "Leonhardt"}, {"rarity": 5, "title": "Beeswax"}, {"rarity": 5, "title": "Andreana"}, {"rarity": 5, "title": "Nearl"}, {"rarity": 5, "title": "Hung"}, {"rarity": 5, "title": "Specter"}, {"rarity": 5, "title": "Indra"}, {"rarity": 5, "title": "Swire"}, {"rarity": 5, "title": "Astesia"}, {"rarity": 5, "title": "Broca"}, {"rarity": 5, "title": "Ayerscarpe"}, {"rarity": 5, "title": "Flint"}, {"rarity": 5, "title": "Texas"}, {"rarity": 5, "title": "\u0417\u0438\u043c\u0430"}, {"rarity": 5, "title": "Projekt Red"}, {"rarity": 5, "title": "Manticore"}, {"rarity": 5, "title": "Cliffheart"}, {"rarity": 5, "title": "FEater"}, {"rarity": 5, "title": "Liskarm"}, {"rarity": 5, "title": "Vulcan"}, {"rarity": 5, "title": "Croissant"}, {"rarity": 5, "title": "Waai Fu"}, {"rarity": 5, "title": "Reed"}, {"rarity": 5, "title": "Elysium"}, {"rarity": 5, "title": "Asbestos"}, {"rarity": 5, "title": "Chiave"}, {"rarity": 4, "title": "Myrrh"}, {"rarity": 4, "title": "Perfumer"}, {"rarity": 4, "title": "Sussurro"}, {"rarity": 4, "title": "Purestream"}, {"rarity": 4, "title": "Haze"}, {"rarity": 4, "title": "Gitano"}, {"rarity": 4, "title": "ShiraYuki"}, {"rarity": 4, "title": "Meteor"}, {"rarity": 4, "title": "Jessica"}, {"rarity": 4, "title": "Earthspirit"}, {"rarity": 4, "title": "Greyy"}, {"rarity": 4, "title": "Vermeil"}, {"rarity": 4, "title": "May"}, {"rarity": 4, "title": "Ambriel"}, {"rarity": 4, "title": "Podenco"}, {"rarity": 4, "title": "Click"}, {"rarity": 4, "title": "Aciddrop"}, {"rarity": 4, "title": "\u0413\u0443\u043c"}, {"rarity": 4, "title": "Myrtle"}, {"rarity": 4, "title": "Dobermann"}, {"rarity": 4, "title": "Estelle"}, {"rarity": 4, "title": "Beehunter"}, {"rarity": 4, "title": "Mousse"}, {"rarity": 4, "title": "Frostleaf"}, {"rarity": 4, "title": "Matoimaru"}, {"rarity": 4, "title": "Utage"}, {"rarity": 4, "title": "Cutter"}, {"rarity": 4, "title": "Scavenger"}, {"rarity": 4, "title": "Vigna"}, {"rarity": 4, "title": "Gravel"}, {"rarity": 4, "title": "Rope"}, {"rarity": 4, "title": "Shaw"}, {"rarity": 4, "title": "Cuora"}, {"rarity": 4, "title": "Matterhorn"}, {"rarity": 4, "title": "Jaye"}, {"rarity": 3, "title": "Hibiscus"}, {"rarity": 3, "title": "Ansel"}, {"rarity": 3, "title": "Lava"}, {"rarity": 3, "title": "Steward"}, {"rarity": 3, "title": "Kroos"}, {"rarity": 3, "title": "Adnachiel"}, {"rarity": 3, "title": "Orchid"}, {"rarity": 3, "title": "Catapult"}, {"rarity": 3, "title": "Spot"}, {"rarity": 3, "title": "Melantha"}, {"rarity": 3, "title": "Midnight"}, {"rarity": 3, "title": "Popukar"}, {"rarity": 3, "title": "Fang"}, {"rarity": 3, "title": "Vanilla"}, {"rarity": 3, "title": "Plume"}, {"rarity": 3, "title": "Beagle"}, {"rarity": 2, "title": "Durin"}, {"rarity": 2, "title": "12F"}, {"rarity": 2, "title": "Rangers"}, {"rarity": 2, "title": "Yato"}, {"rarity": 2, "title": "Noir Corne"}, {"rarity": 1, "title": "Lancet-2"}, {"rarity": 1, "title": "Castle-3"}, {"rarity": 1, "title": "Thermal-EX"}, {"rarity": 1, "title": "\"Justice Knight\""}, {"rarity": 1, "title": "Friston-3"}]