{"ranged": [{"title": "Exusiai", "rarity": 6}, {"title": "Ifrit", "rarity": 6}, {"title": "Shining", "rarity": 6}, {"title": "Nightingale", "rarity": 6}, {"title": "Schwarz", "rarity": 6}, {"title": "Magallan", "rarity": 6}, {"title": "Mostima", "rarity": 6}, {"title": "Aak", "rarity": 6}, {"title": "Ceobe", "rarity": 6}, {"title": "Rosa (Poca)", "rarity": 6}, {"title": "Suzuran", "rarity": 6}, {"title": "Ptilopsis", "rarity": 5}, {"title": "Blue Poison", "rarity": 5}, {"title": "Platinum", "rarity": 5}, {"title": "Meteorite", "rarity": 5}, {"title": "Mayer", "rarity": 5}, {"title": "Silence", "rarity": 5}, {"title": "Warfarin", "rarity": 5}, {"title": "Provence", "rarity": 5}, {"title": "Firewatch", "rarity": 5}, {"title": "Pramanix", "rarity": 5}, {"title": "Istina", "rarity": 5}, {"title": "Nightmare", "rarity": 5}, {"title": "Glaucus", "rarity": 5}, {"title": "Executor", "rarity": 5}, {"title": "GreyThroat", "rarity": 5}, {"title": "Leizi", "rarity": 5}, {"title": "Sesa", "rarity": 5}, {"title": "Shamare", "rarity": 5}, {"title": "Tsukinogi", "rarity": 5}, {"title": "Leonhardt", "rarity": 5}, {"title": "Beeswax", "rarity": 5}, {"title": "Andreana", "rarity": 5}, {"title": "Haze", "rarity": 4}, {"title": "Gitano", "rarity": 4}, {"title": "Jessica", "rarity": 4}, {"title": "Meteor", "rarity": 4}, {"title": "Shirayuki", "rarity": 4}, {"title": "Myrrh", "rarity": 4}, {"title": "Perfumer", "rarity": 4}, {"title": "Earthspirit", "rarity": 4}, {"title": "Greyy", "rarity": 4}, {"title": "Sussurro", "rarity": 4}, {"title": "Vermeil", "rarity": 4}, {"title": "May", "rarity": 4}, {"title": "Ambriel", "rarity": 4}, {"title": "Purestream", "rarity": 4}, {"title": "Podenco", "rarity": 4}, {"title": "Click", "rarity": 4}, {"title": "Kroos", "rarity": 3}, {"title": "Adnachiel", "rarity": 3}, {"title": "Lava", "rarity": 3}, {"title": "Hibiscus", "rarity": 3}, {"title": "Ansel", "rarity": 3}, {"title": "Steward", "rarity": 3}, {"title": "Orchid", "rarity": 3}, {"title": "Catapult", "rarity": 3}, {"title": "Rangers", "rarity": 2}, {"title": "Durin", "rarity": 2}, {"title": "12F", "rarity": 2}, {"title": "Lancet-2", "rarity": 1}, {"title": "'Justice Knight'", "rarity": 1}], "medic": [{"title": "Shining", "rarity": 6}, {"title": "Nightingale", "rarity": 6}, {"title": "Ptilopsis", "rarity": 5}, {"title": "Silence", "rarity": 5}, {"title": "Warfarin", "rarity": 5}, {"title": "Myrrh", "rarity": 4}, {"title": "Perfumer", "rarity": 4}, {"title": "Sussurro", "rarity": 4}, {"title": "Purestream", "rarity": 4}, {"title": "Hibiscus", "rarity": 3}, {"title": "Ansel", "rarity": 3}, {"title": "Lancet-2", "rarity": 1}], "robot": [{"title": "Lancet-2", "rarity": 1}, {"title": "Lancet-2", "rarity": 1}, {"title": "Castle-3", "rarity": 1}, {"title": "Castle-3", "rarity": 1}, {"title": "THRM-EX", "rarity": 1}, {"title": "THRM-EX", "rarity": 1}, {"title": "'Justice Knight'", "rarity": 1}, {"title": "Friston-3", "rarity": 1}], "healing": [{"title": "Shining", "rarity": 6}, {"title": "Nightingale", "rarity": 6}, {"title": "Saria", "rarity": 6}, {"title": "Ptilopsis", "rarity": 5}, {"title": "Silence", "rarity": 5}, {"title": "Warfarin", "rarity": 5}, {"title": "Nearl", "rarity": 5}, {"title": "Nightmare", "rarity": 5}, {"title": "Hung", "rarity": 5}, {"title": "Myrrh", "rarity": 4}, {"title": "Perfumer", "rarity": 4}, {"title": "Gummy", "rarity": 4}, {"title": "Sussurro", "rarity": 4}, {"title": "Myrtle", "rarity": 4}, {"title": "Purestream", "rarity": 4}, {"title": "Podenco", "rarity": 4}, {"title": "Hibiscus", "rarity": 3}, {"title": "Ansel", "rarity": 3}, {"title": "Spot", "rarity": 3}, {"title": "Lancet-2", "rarity": 1}], "melee": [{"title": "Siege", "rarity": 6}, {"title": "Hoshiguma", "rarity": 6}, {"title": "Saria", "rarity": 6}, {"title": "SilverAsh", "rarity": 6}, {"title": "Skadi", "rarity": 6}, {"title": "Ch'en", "rarity": 6}, {"title": "Hellagur", "rarity": 6}, {"title": "Blaze", "rarity": 6}, {"title": "Bagpipe", "rarity": 6}, {"title": "Phantom", "rarity": 6}, {"title": "Weedy", "rarity": 6}, {"title": "Thorns", "rarity": 6}, {"title": "Zima", "rarity": 5}, {"title": "Texas", "rarity": 5}, {"title": "Indra", "rarity": 5}, {"title": "Specter", "rarity": 5}, {"title": "Nearl", "rarity": 5}, {"title": "Projekt Red", "rarity": 5}, {"title": "Liskarm", "rarity": 5}, {"title": "Croissant", "rarity": 5}, {"title": "Vulcan", "rarity": 5}, {"title": "Cliffheart", "rarity": 5}, {"title": "Manticore", "rarity": 5}, {"title": "FEater", "rarity": 5}, {"title": "Swire", "rarity": 5}, {"title": "Astesia", "rarity": 5}, {"title": "Waai Fu", "rarity": 5}, {"title": "Reed", "rarity": 5}, {"title": "Broca", "rarity": 5}, {"title": "Hung", "rarity": 5}, {"title": "Elysium", "rarity": 5}, {"title": "Asbestos", "rarity": 5}, {"title": "Ayerscarpe", "rarity": 5}, {"title": "Chiave", "rarity": 5}, {"title": "Scavenger", "rarity": 4}, {"title": "Vigna", "rarity": 4}, {"title": "Dobermann", "rarity": 4}, {"title": "Matoimaru", "rarity": 4}, {"title": "Frostleaf", "rarity": 4}, {"title": "Estelle", "rarity": 4}, {"title": "Mousse", "rarity": 4}, {"title": "Gravel", "rarity": 4}, {"title": "Rope", "rarity": 4}, {"title": "Matterhorn", "rarity": 4}, {"title": "Cuora", "rarity": 4}, {"title": "Gummy", "rarity": 4}, {"title": "Shaw", "rarity": 4}, {"title": "Beehunter", "rarity": 4}, {"title": "Myrtle", "rarity": 4}, {"title": "Utage", "rarity": 4}, {"title": "Cutter", "rarity": 4}, {"title": "Jaye", "rarity": 4}, {"title": "Fang", "rarity": 3}, {"title": "Vanilla", "rarity": 3}, {"title": "Plume", "rarity": 3}, {"title": "Melantha", "rarity": 3}, {"title": "Beagle", "rarity": 3}, {"title": "Midnight", "rarity": 3}, {"title": "Popukar", "rarity": 3}, {"title": "Spot", "rarity": 3}, {"title": "Yato", "rarity": 2}, {"title": "Noir Corne", "rarity": 2}, {"title": "Castle-3", "rarity": 1}, {"title": "THRM-EX", "rarity": 1}, {"title": "Friston-3", "rarity": 1}], "guard": [{"title": "SilverAsh", "rarity": 6}, {"title": "Skadi", "rarity": 6}, {"title": "Ch'en", "rarity": 6}, {"title": "Hellagur", "rarity": 6}, {"title": "Blaze", "rarity": 6}, {"title": "Thorns", "rarity": 6}, {"title": "Indra", "rarity": 5}, {"title": "Specter", "rarity": 5}, {"title": "Swire", "rarity": 5}, {"title": "Astesia", "rarity": 5}, {"title": "Broca", "rarity": 5}, {"title": "Ayerscarpe", "rarity": 5}, {"title": "Dobermann", "rarity": 4}, {"title": "Matoimaru", "rarity": 4}, {"title": "Frostleaf", "rarity": 4}, {"title": "Estelle", "rarity": 4}, {"title": "Mousse", "rarity": 4}, {"title": "Beehunter", "rarity": 4}, {"title": "Utage", "rarity": 4}, {"title": "Cutter", "rarity": 4}, {"title": "Melantha", "rarity": 3}, {"title": "Midnight", "rarity": 3}, {"title": "Popukar", "rarity": 3}, {"title": "Castle-3", "rarity": 1}], "support": [{"title": "Shining", "rarity": 6}, {"title": "Nightingale", "rarity": 6}, {"title": "Saria", "rarity": 6}, {"title": "SilverAsh", "rarity": 6}, {"title": "Magallan", "rarity": 6}, {"title": "Mostima", "rarity": 6}, {"title": "Aak", "rarity": 6}, {"title": "Suzuran", "rarity": 6}, {"title": "Ptilopsis", "rarity": 5}, {"title": "Zima", "rarity": 5}, {"title": "Warfarin", "rarity": 5}, {"title": "Swire", "rarity": 5}, {"title": "Elysium", "rarity": 5}, {"title": "Tsukinogi", "rarity": 5}, {"title": "Dobermann", "rarity": 4}, {"title": "Purestream", "rarity": 4}, {"title": "Castle-3", "rarity": 1}, {"title": "'Justice Knight'", "rarity": 1}], "starter": [{"title": "Yato", "rarity": 2}, {"title": "Yato", "rarity": 2}, {"title": "Noir Corne", "rarity": 2}, {"title": "Noir Corne", "rarity": 2}, {"title": "Rangers", "rarity": 2}, {"title": "Rangers", "rarity": 2}, {"title": "Durin", "rarity": 2}, {"title": "Durin", "rarity": 2}, {"title": "12F", "rarity": 2}, {"title": "12F", "rarity": 2}], "vanguard": [{"title": "Siege", "rarity": 6}, {"title": "Bagpipe", "rarity": 6}, {"title": "Zima", "rarity": 5}, {"title": "Texas", "rarity": 5}, {"title": "Reed", "rarity": 5}, {"title": "Elysium", "rarity": 5}, {"title": "Chiave", "rarity": 5}, {"title": "Scavenger", "rarity": 4}, {"title": "Vigna", "rarity": 4}, {"title": "Myrtle", "rarity": 4}, {"title": "Fang", "rarity": 3}, {"title": "Vanilla", "rarity": 3}, {"title": "Plume", "rarity": 3}, {"title": "Yato", "rarity": 2}], "defender": [{"title": "Hoshiguma", "rarity": 6}, {"title": "Saria", "rarity": 6}, {"title": "Nearl", "rarity": 5}, {"title": "Liskarm", "rarity": 5}, {"title": "Croissant", "rarity": 5}, {"title": "Vulcan", "rarity": 5}, {"title": "Hung", "rarity": 5}, {"title": "Asbestos", "rarity": 5}, {"title": "Matterhorn", "rarity": 4}, {"title": "Cuora", "rarity": 4}, {"title": "Gummy", "rarity": 4}, {"title": "Beagle", "rarity": 3}, {"title": "Spot", "rarity": 3}, {"title": "Noir Corne", "rarity": 2}, {"title": "Friston-3", "rarity": 1}], "sniper": [{"title": "Exusiai", "rarity": 6}, {"title": "Schwarz", "rarity": 6}, {"title": "Rosa (Poca)", "rarity": 6}, {"title": "Blue Poison", "rarity": 5}, {"title": "Platinum", "rarity": 5}, {"title": "Meteorite", "rarity": 5}, {"title": "Provence", "rarity": 5}, {"title": "Firewatch", "rarity": 5}, {"title": "Executor", "rarity": 5}, {"title": "GreyThroat", "rarity": 5}, {"title": "Sesa", "rarity": 5}, {"title": "Andreana", "rarity": 5}, {"title": "Jessica", "rarity": 4}, {"title": "Meteor", "rarity": 4}, {"title": "Shirayuki", "rarity": 4}, {"title": "Vermeil", "rarity": 4}, {"title": "May", "rarity": 4}, {"title": "Ambriel", "rarity": 4}, {"title": "Kroos", "rarity": 3}, {"title": "Adnachiel", "rarity": 3}, {"title": "Catapult", "rarity": 3}, {"title": "Rangers", "rarity": 2}, {"title": "'Justice Knight'", "rarity": 1}], "caster": [{"title": "Ifrit", "rarity": 6}, {"title": "Mostima", "rarity": 6}, {"title": "Ceobe", "rarity": 6}, {"title": "Nightmare", "rarity": 5}, {"title": "Leizi", "rarity": 5}, {"title": "Leonhardt", "rarity": 5}, {"title": "Beeswax", "rarity": 5}, {"title": "Haze", "rarity": 4}, {"title": "Gitano", "rarity": 4}, {"title": "Greyy", "rarity": 4}, {"title": "Click", "rarity": 4}, {"title": "Lava", "rarity": 3}, {"title": "Steward", "rarity": 3}, {"title": "Durin", "rarity": 2}, {"title": "12F", "rarity": 2}], "dp-recovery": [{"title": "Siege", "rarity": 6}, {"title": "Bagpipe", "rarity": 6}, {"title": "Zima", "rarity": 5}, {"title": "Texas", "rarity": 5}, {"title": "Reed", "rarity": 5}, {"title": "Elysium", "rarity": 5}, {"title": "Chiave", "rarity": 5}, {"title": "Scavenger", "rarity": 4}, {"title": "Vigna", "rarity": 4}, {"title": "Myrtle", "rarity": 4}, {"title": "Fang", "rarity": 3}, {"title": "Vanilla", "rarity": 3}, {"title": "Plume", "rarity": 3}], "dps": [{"title": "Exusiai", "rarity": 6}, {"title": "Siege", "rarity": 6}, {"title": "Hoshiguma", "rarity": 6}, {"title": "SilverAsh", "rarity": 6}, {"title": "Skadi", "rarity": 6}, {"title": "Ch'en", "rarity": 6}, {"title": "Schwarz", "rarity": 6}, {"title": "Hellagur", "rarity": 6}, {"title": "Magallan", "rarity": 6}, {"title": "Blaze", "rarity": 6}, {"title": "Aak", "rarity": 6}, {"title": "Ceobe", "rarity": 6}, {"title": "Bagpipe", "rarity": 6}, {"title": "Phantom", "rarity": 6}, {"title": "Weedy", "rarity": 6}, {"title": "Rosa (Poca)", "rarity": 6}, {"title": "Suzuran", "rarity": 6}, {"title": "Thorns", "rarity": 6}, {"title": "Indra", "rarity": 5}, {"title": "Blue Poison", "rarity": 5}, {"title": "Platinum", "rarity": 5}, {"title": "Liskarm", "rarity": 5}, {"title": "Vulcan", "rarity": 5}, {"title": "Provence", "rarity": 5}, {"title": "Firewatch", "rarity": 5}, {"title": "Cliffheart", "rarity": 5}, {"title": "Istina", "rarity": 5}, {"title": "Manticore", "rarity": 5}, {"title": "Nightmare", "rarity": 5}, {"title": "Swire", "rarity": 5}, {"title": "Astesia", "rarity": 5}, {"title": "Reed", "rarity": 5}, {"title": "GreyThroat", "rarity": 5}, {"title": "Leizi", "rarity": 5}, {"title": "Asbestos", "rarity": 5}, {"title": "Ayerscarpe", "rarity": 5}, {"title": "Chiave", "rarity": 5}, {"title": "Andreana", "rarity": 5}, {"title": "Haze", "rarity": 4}, {"title": "Jessica", "rarity": 4}, {"title": "Meteor", "rarity": 4}, {"title": "Scavenger", "rarity": 4}, {"title": "Vigna", "rarity": 4}, {"title": "Dobermann", "rarity": 4}, {"title": "Matoimaru", "rarity": 4}, {"title": "Frostleaf", "rarity": 4}, {"title": "Mousse", "rarity": 4}, {"title": "Beehunter", "rarity": 4}, {"title": "Vermeil", "rarity": 4}, {"title": "May", "rarity": 4}, {"title": "Ambriel", "rarity": 4}, {"title": "Utage", "rarity": 4}, {"title": "Cutter", "rarity": 4}, {"title": "Click", "rarity": 4}, {"title": "Jaye", "rarity": 4}, {"title": "Plume", "rarity": 3}, {"title": "Melantha", "rarity": 3}, {"title": "Kroos", "rarity": 3}, {"title": "Adnachiel", "rarity": 3}, {"title": "Steward", "rarity": 3}, {"title": "Midnight", "rarity": 3}], "survival": [{"title": "Skadi", "rarity": 6}, {"title": "Hellagur", "rarity": 6}, {"title": "Blaze", "rarity": 6}, {"title": "Indra", "rarity": 5}, {"title": "Specter", "rarity": 5}, {"title": "Vulcan", "rarity": 5}, {"title": "Manticore", "rarity": 5}, {"title": "Broca", "rarity": 5}, {"title": "Tsukinogi", "rarity": 5}, {"title": "Jessica", "rarity": 4}, {"title": "Matoimaru", "rarity": 4}, {"title": "Estelle", "rarity": 4}, {"title": "Utage", "rarity": 4}, {"title": "Melantha", "rarity": 3}, {"title": "Popukar", "rarity": 3}], "defense": [{"title": "Hoshiguma", "rarity": 6}, {"title": "Saria", "rarity": 6}, {"title": "Thorns", "rarity": 6}, {"title": "Nearl", "rarity": 5}, {"title": "Liskarm", "rarity": 5}, {"title": "Croissant", "rarity": 5}, {"title": "Vulcan", "rarity": 5}, {"title": "Astesia", "rarity": 5}, {"title": "Hung", "rarity": 5}, {"title": "Asbestos", "rarity": 5}, {"title": "Beeswax", "rarity": 5}, {"title": "Gravel", "rarity": 4}, {"title": "Matterhorn", "rarity": 4}, {"title": "Cuora", "rarity": 4}, {"title": "Gummy", "rarity": 4}, {"title": "Beagle", "rarity": 3}, {"title": "Spot", "rarity": 3}, {"title": "Friston-3", "rarity": 1}], "aoe": [{"title": "Ifrit", "rarity": 6}, {"title": "Mostima", "rarity": 6}, {"title": "Specter", "rarity": 5}, {"title": "Meteorite", "rarity": 5}, {"title": "Executor", "rarity": 5}, {"title": "Broca", "rarity": 5}, {"title": "Sesa", "rarity": 5}, {"title": "Leonhardt", "rarity": 5}, {"title": "Ayerscarpe", "rarity": 5}, {"title": "Beeswax", "rarity": 5}, {"title": "Gitano", "rarity": 4}, {"title": "Shirayuki", "rarity": 4}, {"title": "Estelle", "rarity": 4}, {"title": "Greyy", "rarity": 4}, {"title": "Lava", "rarity": 3}, {"title": "Catapult", "rarity": 3}, {"title": "Popukar", "rarity": 3}], "supporter": [{"title": "Magallan", "rarity": 6}, {"title": "Suzuran", "rarity": 6}, {"title": "Mayer", "rarity": 5}, {"title": "Pramanix", "rarity": 5}, {"title": "Istina", "rarity": 5}, {"title": "Glaucus", "rarity": 5}, {"title": "Shamare", "rarity": 5}, {"title": "Tsukinogi", "rarity": 5}, {"title": "Earthspirit", "rarity": 4}, {"title": "Podenco", "rarity": 4}, {"title": "Orchid", "rarity": 3}], "slow": [{"title": "Magallan", "rarity": 6}, {"title": "Suzuran", "rarity": 6}, {"title": "Istina", "rarity": 5}, {"title": "FEater", "rarity": 5}, {"title": "Nightmare", "rarity": 5}, {"title": "Glaucus", "rarity": 5}, {"title": "Andreana", "rarity": 5}, {"title": "Shirayuki", "rarity": 4}, {"title": "Frostleaf", "rarity": 4}, {"title": "Earthspirit", "rarity": 4}, {"title": "Greyy", "rarity": 4}, {"title": "May", "rarity": 4}, {"title": "Ambriel", "rarity": 4}, {"title": "Podenco", "rarity": 4}, {"title": "Orchid", "rarity": 3}], "debuff": [{"title": "Ifrit", "rarity": 6}, {"title": "Meteorite", "rarity": 5}, {"title": "Pramanix", "rarity": 5}, {"title": "Waai Fu", "rarity": 5}, {"title": "Sesa", "rarity": 5}, {"title": "Shamare", "rarity": 5}, {"title": "Haze", "rarity": 4}, {"title": "Meteor", "rarity": 4}], "specialist": [{"title": "Aak", "rarity": 6}, {"title": "Phantom", "rarity": 6}, {"title": "Weedy", "rarity": 6}, {"title": "Projekt Red", "rarity": 5}, {"title": "Cliffheart", "rarity": 5}, {"title": "Manticore", "rarity": 5}, {"title": "FEater", "rarity": 5}, {"title": "Waai Fu", "rarity": 5}, {"title": "Gravel", "rarity": 4}, {"title": "Rope", "rarity": 4}, {"title": "Shaw", "rarity": 4}, {"title": "Jaye", "rarity": 4}, {"title": "THRM-EX", "rarity": 1}], "fast-redeploy": [{"title": "Phantom", "rarity": 6}, {"title": "Projekt Red", "rarity": 5}, {"title": "Waai Fu", "rarity": 5}, {"title": "Gravel", "rarity": 4}, {"title": "Jaye", "rarity": 4}], "shift": [{"title": "Weedy", "rarity": 6}, {"title": "Croissant", "rarity": 5}, {"title": "Cliffheart", "rarity": 5}, {"title": "FEater", "rarity": 5}, {"title": "Rope", "rarity": 4}, {"title": "Shaw", "rarity": 4}], "senior operator": [{"title": "Ptilopsis", "rarity": 5}, {"title": "Zima", "rarity": 5}, {"title": "Texas", "rarity": 5}, {"title": "Indra", "rarity": 5}, {"title": "Specter", "rarity": 5}, {"title": "Blue Poison", "rarity": 5}, {"title": "Platinum", "rarity": 5}, {"title": "Meteorite", "rarity": 5}, {"title": "Mayer", "rarity": 5}, {"title": "Silence", "rarity": 5}, {"title": "Warfarin", "rarity": 5}, {"title": "Nearl", "rarity": 5}, {"title": "Projekt Red", "rarity": 5}, {"title": "Liskarm", "rarity": 5}, {"title": "Croissant", "rarity": 5}, {"title": "Vulcan", "rarity": 5}, {"title": "Provence", "rarity": 5}, {"title": "Firewatch", "rarity": 5}, {"title": "Cliffheart", "rarity": 5}, {"title": "Pramanix", "rarity": 5}, {"title": "Istina", "rarity": 5}, {"title": "Manticore", "rarity": 5}, {"title": "FEater", "rarity": 5}, {"title": "Nightmare", "rarity": 5}, {"title": "Swire", "rarity": 5}, {"title": "Glaucus", "rarity": 5}, {"title": "Astesia", "rarity": 5}, {"title": "Executor", "rarity": 5}, {"title": "Waai Fu", "rarity": 5}, {"title": "Reed", "rarity": 5}, {"title": "Broca", "rarity": 5}, {"title": "GreyThroat", "rarity": 5}, {"title": "Hung", "rarity": 5}, {"title": "Leizi", "rarity": 5}, {"title": "Sesa", "rarity": 5}, {"title": "Shamare", "rarity": 5}, {"title": "Elysium", "rarity": 5}, {"title": "Asbestos", "rarity": 5}, {"title": "Tsukinogi", "rarity": 5}, {"title": "Leonhardt", "rarity": 5}, {"title": "Ayerscarpe", "rarity": 5}, {"title": "Beeswax", "rarity": 5}, {"title": "Chiave", "rarity": 5}, {"title": "Andreana", "rarity": 5}], "crowd-control": [{"title": "Mostima", "rarity": 6}, {"title": "Ceobe", "rarity": 6}, {"title": "Phantom", "rarity": 6}, {"title": "Weedy", "rarity": 6}, {"title": "Rosa (Poca)", "rarity": 6}, {"title": "Texas", "rarity": 5}, {"title": "Mayer", "rarity": 5}, {"title": "Projekt Red", "rarity": 5}, {"title": "Glaucus", "rarity": 5}, {"title": "Click", "rarity": 4}], "summon": [{"title": "Mayer", "rarity": 5}], "nuker": [{"title": "Ch'en", "rarity": 6}, {"title": "Firewatch", "rarity": 5}, {"title": "Leonhardt", "rarity": 5}, {"title": "Cutter", "rarity": 4}, {"title": "THRM-EX", "rarity": 1}], "top operator": [{"title": "Exusiai", "rarity": 6}, {"title": "Siege", "rarity": 6}, {"title": "Ifrit", "rarity": 6}, {"title": "Shining", "rarity": 6}, {"title": "Nightingale", "rarity": 6}, {"title": "Hoshiguma", "rarity": 6}, {"title": "Saria", "rarity": 6}, {"title": "SilverAsh", "rarity": 6}, {"title": "Skadi", "rarity": 6}, {"title": "Ch'en", "rarity": 6}, {"title": "Schwarz", "rarity": 6}, {"title": "Hellagur", "rarity": 6}, {"title": "Magallan", "rarity": 6}, {"title": "Mostima", "rarity": 6}, {"title": "Blaze", "rarity": 6}, {"title": "Aak", "rarity": 6}, {"title": "Ceobe", "rarity": 6}, {"title": "Bagpipe", "rarity": 6}, {"title": "Phantom", "rarity": 6}, {"title": "Weedy", "rarity": 6}, {"title": "Rosa (Poca)", "rarity": 6}, {"title": "Suzuran", "rarity": 6}, {"title": "Thorns", "rarity": 6}]}