[{"rarity": 6, "title": "shining"}, {"rarity": 6, "title": "nightingale"}, {"rarity": 6, "title": "saria"}, {"rarity": 6, "title": "blemishine"}, {"rarity": 6, "title": "exusiai"}, {"rarity": 6, "title": "archetto"}, {"rarity": 6, "title": "schwarz"}, {"rarity": 6, "title": "rosa (poca)"}, {"rarity": 6, "title": "ifrit"}, {"rarity": 6, "title": "mostima"}, {"rarity": 6, "title": "ceobe"}, {"rarity": 6, "title": "suzuran"}, {"rarity": 6, "title": "magallan"}, {"rarity": 6, "title": "aak"}, {"rarity": 6, "title": "silverash"}, {"rarity": 6, "title": "siege"}, {"rarity": 6, "title": "bagpipe"}, {"rarity": 6, "title": "phantom"}, {"rarity": 6, "title": "weedy"}, {"rarity": 6, "title": "hoshiguma"}, {"rarity": 6, "title": "mudrock"}, {"rarity": 6, "title": "eunectes"}, {"rarity": 6, "title": "mountain"}, {"rarity": 6, "title": "thorns"}, {"rarity": 6, "title": "ch'en"}, {"rarity": 6, "title": "blaze"}, {"rarity": 6, "title": "surtr"}, {"rarity": 6, "title": "hellagur"}, {"rarity": 6, "title": "skadi"}, {"rarity": 5, "title": "ptilopsis"}, {"rarity": 5, "title": "silence"}, {"rarity": 5, "title": "warfarin"}, {"rarity": 5, "title": "whisperain"}, {"rarity": 5, "title": "nearl"}, {"rarity": 5, "title": "hung"}, {"rarity": 5, "title": "nightmare"}, {"rarity": 5, "title": "blue poison"}, {"rarity": 5, "title": "platinum"}, {"rarity": 5, "title": "greythroat"}, {"rarity": 5, "title": "april"}, {"rarity": 5, "title": "meteorite"}, {"rarity": 5, "title": "sesa"}, {"rarity": 5, "title": "executor"}, {"rarity": 5, "title": "aosta"}, {"rarity": 5, "title": "leizi"}, {"rarity": 5, "title": "beeswax"}, {"rarity": 5, "title": "leonhardt"}, {"rarity": 5, "title": "iris"}, {"rarity": 5, "title": "mayer"}, {"rarity": 5, "title": "provence"}, {"rarity": 5, "title": "firewatch"}, {"rarity": 5, "title": "andreana"}, {"rarity": 5, "title": "pramanix"}, {"rarity": 5, "title": "shamare"}, {"rarity": 5, "title": "istina"}, {"rarity": 5, "title": "glaucus"}, {"rarity": 5, "title": "tsukinogi"}, {"rarity": 5, "title": "zima"}, {"rarity": 5, "title": "elysium"}, {"rarity": 5, "title": "swire"}, {"rarity": 5, "title": "texas"}, {"rarity": 5, "title": "chiave"}, {"rarity": 5, "title": "reed"}, {"rarity": 5, "title": "indra"}, {"rarity": 5, "title": "flint"}, {"rarity": 5, "title": "ayerscarpe"}, {"rarity": 5, "title": "specter"}, {"rarity": 5, "title": "broca"}, {"rarity": 5, "title": "astesia"}, {"rarity": 5, "title": "projekt red"}, {"rarity": 5, "title": "waai fu"}, {"rarity": 5, "title": "kafka"}, {"rarity": 5, "title": "liskarm"}, {"rarity": 5, "title": "croissant"}, {"rarity": 5, "title": "vulcan"}, {"rarity": 5, "title": "asbestos"}, {"rarity": 5, "title": "cliffheart"}, {"rarity": 5, "title": "manticore"}, {"rarity": 5, "title": "feater"}, {"rarity": 4, "title": "myrtle"}, {"rarity": 4, "title": "myrrh"}, {"rarity": 4, "title": "sussurro"}, {"rarity": 4, "title": "perfumer"}, {"rarity": 4, "title": "purestream"}, {"rarity": 4, "title": "gummy"}, {"rarity": 4, "title": "podenco"}, {"rarity": 4, "title": "haze"}, {"rarity": 4, "title": "gitano"}, {"rarity": 4, "title": "greyy"}, {"rarity": 4, "title": "click"}, {"rarity": 4, "title": "jessica"}, {"rarity": 4, "title": "meteor"}, {"rarity": 4, "title": "vermeil"}, {"rarity": 4, "title": "may"}, {"rarity": 4, "title": "shirayuki"}, {"rarity": 4, "title": "pinecone"}, {"rarity": 4, "title": "ambriel"}, {"rarity": 4, "title": "aciddrop"}, {"rarity": 4, "title": "beanstalk"}, {"rarity": 4, "title": "earthspirit"}, {"rarity": 4, "title": "dobermann"}, {"rarity": 4, "title": "scavenger"}, {"rarity": 4, "title": "vigna"}, {"rarity": 4, "title": "matoimaru"}, {"rarity": 4, "title": "frostleaf"}, {"rarity": 4, "title": "estelle"}, {"rarity": 4, "title": "mousse"}, {"rarity": 4, "title": "cutter"}, {"rarity": 4, "title": "utage"}, {"rarity": 4, "title": "arene"}, {"rarity": 4, "title": "gravel"}, {"rarity": 4, "title": "jaye"}, {"rarity": 4, "title": "rope"}, {"rarity": 4, "title": "matterhorn"}, {"rarity": 4, "title": "cuora"}, {"rarity": 4, "title": "bubble"}, {"rarity": 4, "title": "shaw"}, {"rarity": 4, "title": "beehunter"}, {"rarity": 4, "title": "jackie"}, {"rarity": 3, "title": "spot"}, {"rarity": 3, "title": "hibiscus"}, {"rarity": 3, "title": "ansel"}, {"rarity": 3, "title": "kroos"}, {"rarity": 3, "title": "adnachiel"}, {"rarity": 3, "title": "lava"}, {"rarity": 3, "title": "steward"}, {"rarity": 3, "title": "orchid"}, {"rarity": 3, "title": "catapult"}, {"rarity": 3, "title": "fang"}, {"rarity": 3, "title": "vanilla"}, {"rarity": 3, "title": "plume"}, {"rarity": 3, "title": "melantha"}, {"rarity": 3, "title": "popukar"}, {"rarity": 3, "title": "beagle"}, {"rarity": 3, "title": "midnight"}, {"rarity": 2, "title": "rangers"}, {"rarity": 2, "title": "durin"}, {"rarity": 2, "title": "12f"}, {"rarity": 2, "title": "yato"}, {"rarity": 2, "title": "noir corne"}, {"rarity": 1, "title": "lancet-2"}, {"rarity": 1, "title": "castle-3"}, {"rarity": 1, "title": "thrm-ex"}, {"rarity": 1, "title": "'justice knight'"}, {"rarity": 1, "title": "friston-3"}, {"rarity": 1, "title": "phonor-0"}]