{
    "window title contains" : "Itézed",
    "ask before proceeding": false,
    "do refresh": true,
    "do recruit": true,
    "do expedite": false,
    "do hire": true,
    "priority rules": [
        {
            "type": 0,
            "value": 6,
            "action": 0,
            "guaranteed": true
        },
        {
            "type": 0,
            "value": 5,
            "action": 0,
            "guaranteed": true
        },
        {
            "type": 0,
            "value": 4,
            "action": 1,
            "guaranteed": true
        },
        {
            "type": 0,
            "value": 3,
            "action": 2,
            "guaranteed": false
        },
        {
            "type": 0,
            "value": 3,
            "action": 0,
            "guaranteed": false
        }
    ]
}